{"stats":{"minecraft:picked_up":{"minecraft:orange_bed":4,"minecraft:wheat_seeds":6,"minecraft:torch":4,"minecraft:short_grass":1,"minecraft:tall_grass":3,"minecraft:emerald":3,"minecraft:bread":3,"minecraft:chest":2,"minecraft:acacia_sapling":8},"minecraft:custom":{"minecraft:time_since_rest":90714,"minecraft:open_chest":10,"minecraft:crouch_one_cm":209,"minecraft:play_time":90714,"minecraft:sprint_one_cm":6408,"minecraft:walk_one_cm":20093,"minecraft:sneak_time":58,"minecraft:jump":102,"minecraft:leave_game":9,"minecraft:walk_on_water_one_cm":42,"minecraft:time_since_death":90714,"minecraft:total_world_time":90714,"minecraft:fall_one_cm":1312,"minecraft:fly_one_cm":33542},"minecraft:mined":{"minecraft:chest":2,"minecraft:orange_bed":4}},"DataVersion":3953}